{
  "grid": [
    {
      "alpha": 0.2,
      "beta": 0.0,
      "overall": {
        "n": 116,
        "top1_em": 0.6551724137931034,
        "top3_em": 0.75,
        "p50_ms": 30.789,
        "p95_ms": 35.5222
      },
      "per_category": {
        "general": {
          "n": 20,
          "top1_em": 0.95,
          "top3_em": 1.0,
          "p50_ms": 29.9618,
          "p95_ms": 33.134
        },
        "tech": {
          "n": 20,
          "top1_em": 0.4,
          "top3_em": 0.5,
          "p50_ms": 30.4647,
          "p95_ms": 36.6351
        },
        "medical": {
          "n": 15,
          "top1_em": 0.6666666666666666,
          "top3_em": 0.7333333333333333,
          "p50_ms": 31.5408,
          "p95_ms": 35.5222
        },
        "legal": {
          "n": 15,
          "top1_em": 0.6666666666666666,
          "top3_em": 0.7333333333333333,
          "p50_ms": 33.2004,
          "p95_ms": 37.1344
        },
        "names": {
          "n": 15,
          "top1_em": 0.9333333333333333,
          "top3_em": 1.0,
          "p50_ms": 31.4957,
          "p95_ms": 40.4208
        },
        "homophone": {
          "n": 16,
          "top1_em": 0.5,
          "top3_em": 0.5625,
          "p50_ms": 30.6297,
          "p95_ms": 33.7507
        },
        "edge": {
          "n": 15,
          "top1_em": 0.4666666666666667,
          "top3_em": 0.7333333333333333,
          "p50_ms": 29.9367,
          "p95_ms": 64.7886
        }
      },
      "macro_top1_em": 0.6547619047619048,
      "macro_top3_em": 0.7517857142857143
    },
    {
      "alpha": 0.2,
      "beta": 0.3,
      "overall": {
        "n": 116,
        "top1_em": 0.6551724137931034,
        "top3_em": 0.75,
        "p50_ms": 37.2619,
        "p95_ms": 42.715
      },
      "per_category": {
        "general": {
          "n": 20,
          "top1_em": 0.95,
          "top3_em": 1.0,
          "p50_ms": 38.095,
          "p95_ms": 43.5896
        },
        "tech": {
          "n": 20,
          "top1_em": 0.4,
          "top3_em": 0.5,
          "p50_ms": 35.7744,
          "p95_ms": 41.428
        },
        "medical": {
          "n": 15,
          "top1_em": 0.6666666666666666,
          "top3_em": 0.7333333333333333,
          "p50_ms": 38.9065,
          "p95_ms": 41.0482
        },
        "legal": {
          "n": 15,
          "top1_em": 0.6666666666666666,
          "top3_em": 0.7333333333333333,
          "p50_ms": 39.4441,
          "p95_ms": 47.8225
        },
        "names": {
          "n": 15,
          "top1_em": 0.9333333333333333,
          "top3_em": 1.0,
          "p50_ms": 39.3416,
          "p95_ms": 51.9599
        },
        "homophone": {
          "n": 16,
          "top1_em": 0.5,
          "top3_em": 0.5625,
          "p50_ms": 36.5404,
          "p95_ms": 41.4667
        },
        "edge": {
          "n": 15,
          "top1_em": 0.4666666666666667,
          "top3_em": 0.7333333333333333,
          "p50_ms": 35.7448,
          "p95_ms": 67.3102
        }
      },
      "macro_top1_em": 0.6547619047619048,
      "macro_top3_em": 0.7517857142857143
    },
    {
      "alpha": 0.2,
      "beta": 0.6,
      "overall": {
        "n": 116,
        "top1_em": 0.6637931034482759,
        "top3_em": 0.75,
        "p50_ms": 36.9825,
        "p95_ms": 43.3173
      },
      "per_category": {
        "general": {
          "n": 20,
          "top1_em": 0.95,
          "top3_em": 1.0,
          "p50_ms": 40.0339,
          "p95_ms": 48.3496
        },
        "tech": {
          "n": 20,
          "top1_em": 0.4,
          "top3_em": 0.5,
          "p50_ms": 34.2499,
          "p95_ms": 39.7249
        },
        "medical": {
          "n": 15,
          "top1_em": 0.6666666666666666,
          "top3_em": 0.7333333333333333,
          "p50_ms": 33.1888,
          "p95_ms": 43.1739
        },
        "legal": {
          "n": 15,
          "top1_em": 0.6666666666666666,
          "top3_em": 0.7333333333333333,
          "p50_ms": 37.3615,
          "p95_ms": 43.367
        },
        "names": {
          "n": 15,
          "top1_em": 0.9333333333333333,
          "top3_em": 1.0,
          "p50_ms": 37.724,
          "p95_ms": 46.0508
        },
        "homophone": {
          "n": 16,
          "top1_em": 0.5,
          "top3_em": 0.5625,
          "p50_ms": 37.7049,
          "p95_ms": 39.6805
        },
        "edge": {
          "n": 15,
          "top1_em": 0.5333333333333333,
          "top3_em": 0.7333333333333333,
          "p50_ms": 35.4889,
          "p95_ms": 76.7733
        }
      },
      "macro_top1_em": 0.6642857142857144,
      "macro_top3_em": 0.7517857142857143
    },
    {
      "alpha": 0.4,
      "beta": 0.0,
      "overall": {
        "n": 116,
        "top1_em": 0.6810344827586207,
        "top3_em": 0.75,
        "p50_ms": 36.2668,
        "p95_ms": 47.9394
      },
      "per_category": {
        "general": {
          "n": 20,
          "top1_em": 0.95,
          "top3_em": 1.0,
          "p50_ms": 42.232,
          "p95_ms": 49.5892
        },
        "tech": {
          "n": 20,
          "top1_em": 0.45,
          "top3_em": 0.45,
          "p50_ms": 38.5701,
          "p95_ms": 47.9394
        },
        "medical": {
          "n": 15,
          "top1_em": 0.7333333333333333,
          "top3_em": 0.8,
          "p50_ms": 31.7164,
          "p95_ms": 35.7995
        },
        "legal": {
          "n": 15,
          "top1_em": 0.6666666666666666,
          "top3_em": 0.7333333333333333,
          "p50_ms": 34.6849,
          "p95_ms": 41.1472
        },
        "names": {
          "n": 15,
          "top1_em": 0.9333333333333333,
          "top3_em": 1.0,
          "p50_ms": 37.0446,
          "p95_ms": 46.7536
        },
        "homophone": {
          "n": 16,
          "top1_em": 0.5,
          "top3_em": 0.5625,
          "p50_ms": 38.3051,
          "p95_ms": 52.0372
        },
        "edge": {
          "n": 15,
          "top1_em": 0.5333333333333333,
          "top3_em": 0.7333333333333333,
          "p50_ms": 35.5716,
          "p95_ms": 66.9819
        }
      },
      "macro_top1_em": 0.680952380952381,
      "macro_top3_em": 0.7541666666666667
    },
    {
      "alpha": 0.4,
      "beta": 0.3,
      "overall": {
        "n": 116,
        "top1_em": 0.6896551724137931,
        "top3_em": 0.75,
        "p50_ms": 37.1731,
        "p95_ms": 44.3724
      },
      "per_category": {
        "general": {
          "n": 20,
          "top1_em": 0.95,
          "top3_em": 1.0,
          "p50_ms": 40.1343,
          "p95_ms": 42.863
        },
        "tech": {
          "n": 20,
          "top1_em": 0.45,
          "top3_em": 0.45,
          "p50_ms": 41.4021,
          "p95_ms": 48.8236
        },
        "medical": {
          "n": 15,
          "top1_em": 0.8,
          "top3_em": 0.8,
          "p50_ms": 33.3471,
          "p95_ms": 42.7178
        },
        "legal": {
          "n": 15,
          "top1_em": 0.6666666666666666,
          "top3_em": 0.7333333333333333,
          "p50_ms": 32.9138,
          "p95_ms": 36.2166
        },
        "names": {
          "n": 15,
          "top1_em": 0.9333333333333333,
          "top3_em": 1.0,
          "p50_ms": 37.1731,
          "p95_ms": 47.4006
        },
        "homophone": {
          "n": 16,
          "top1_em": 0.5,
          "top3_em": 0.5625,
          "p50_ms": 37.7409,
          "p95_ms": 40.362
        },
        "edge": {
          "n": 15,
          "top1_em": 0.5333333333333333,
          "top3_em": 0.7333333333333333,
          "p50_ms": 36.3718,
          "p95_ms": 68.4043
        }
      },
      "macro_top1_em": 0.6904761904761905,
      "macro_top3_em": 0.7541666666666667
    },
    {
      "alpha": 0.4,
      "beta": 0.6,
      "overall": {
        "n": 116,
        "top1_em": 0.6982758620689655,
        "top3_em": 0.7586206896551724,
        "p50_ms": 36.9553,
        "p95_ms": 44.2509
      },