{
  "grid": [
    {
      "alpha": 0.2,
      "beta": 0.0,
      "overall": {
        "n": 116,
        "top1_em": 0.5344827586206896,
        "top3_em": 0.603448275862069,
        "p50_ms": 27.1715,
        "p95_ms": 54.0091
      },
      "per_category": {
        "general": {
          "n": 20,
          "top1_em": 0.75,
          "top3_em": 0.8,
          "p50_ms": 26.8011,
          "p95_ms": 51.052
        },
        "tech": {
          "n": 20,
          "top1_em": 0.25,
          "top3_em": 0.35,
          "p50_ms": 27.9944,
          "p95_ms": 57.0485
        },
        "medical": {
          "n": 15,
          "top1_em": 0.4666666666666667,
          "top3_em": 0.4666666666666667,
          "p50_ms": 27.7773,
          "p95_ms": 55.401
        },
        "legal": {
          "n": 15,
          "top1_em": 0.6,
          "top3_em": 0.6,
          "p50_ms": 28.1595,
          "p95_ms": 53.1428
        },
        "names": {
          "n": 15,
          "top1_em": 0.8666666666666667,
          "top3_em": 0.9333333333333333,
          "p50_ms": 26.1709,
          "p95_ms": 53.3607
        },
        "homophone": {
          "n": 16,
          "top1_em": 0.3125,
          "top3_em": 0.375,
          "p50_ms": 29.0732,
          "p95_ms": 51.7543
        },
        "edge": {
          "n": 15,
          "top1_em": 0.5333333333333333,
          "top3_em": 0.7333333333333333,
          "p50_ms": 23.9036,
          "p95_ms": 48.5332
        }
      },
      "macro_top1_em": 0.5398809523809524,
      "macro_top3_em": 0.6083333333333333
    },
    {
      "alpha": 0.2,
      "beta": 0.3,
      "overall": {
        "n": 116,
        "top1_em": 0.5344827586206896,
        "top3_em": 0.5948275862068966,
        "p50_ms": 25.8022,
        "p95_ms": 51.6999
      },
      "per_category": {
        "general": {
          "n": 20,
          "top1_em": 0.75,
          "top3_em": 0.8,
          "p50_ms": 25.7057,
          "p95_ms": 51.8658
        },
        "tech": {
          "n": 20,
          "top1_em": 0.25,
          "top3_em": 0.35,
          "p50_ms": 28.2274,
          "p95_ms": 54.5096
        },
        "medical": {
          "n": 15,
          "top1_em": 0.4666666666666667,
          "top3_em": 0.4666666666666667,
          "p50_ms": 25.5706,
          "p95_ms": 52.5206
        },
        "legal": {
          "n": 15,
          "top1_em": 0.6,
          "top3_em": 0.6,
          "p50_ms": 26.8327,
          "p95_ms": 50.8967
        },
        "names": {
          "n": 15,
          "top1_em": 0.8666666666666667,
          "top3_em": 0.9333333333333333,
          "p50_ms": 25.8841,
          "p95_ms": 46.3025
        },
        "homophone": {
          "n": 16,
          "top1_em": 0.3125,
          "top3_em": 0.375,
          "p50_ms": 25.579,
          "p95_ms": 54.3901
        },
        "edge": {
          "n": 15,
          "top1_em": 0.5333333333333333,
          "top3_em": 0.6666666666666666,
          "p50_ms": 23.2178,
          "p95_ms": 51.6999
        }
      },
      "macro_top1_em": 0.5398809523809524,
      "macro_top3_em": 0.5988095238095238
    },
    {
      "alpha": 0.2,
      "beta": 0.6,
      "overall": {
        "n": 116,
        "top1_em": 0.5258620689655172,
        "top3_em": 0.5948275862068966,
        "p50_ms": 26.4409,
        "p95_ms": 53.4192
      },
      "per_category": {
        "general": {
          "n": 20,
          "top1_em": 0.75,
          "top3_em": 0.8,
          "p50_ms": 26.121,
          "p95_ms": 50.6152
        },
        "tech": {
          "n": 20,
          "top1_em": 0.25,
          "top3_em": 0.35,
          "p50_ms": 28.1657,
          "p95_ms": 53.2299
        },
        "medical": {
          "n": 15,
          "top1_em": 0.4666666666666667,
          "top3_em": 0.4666666666666667,
          "p50_ms": 26.2188,
          "p95_ms": 57.4834
        },
        "legal": {
          "n": 15,
          "top1_em": 0.6,
          "top3_em": 0.6,
          "p50_ms": 25.3531,
          "p95_ms": 54.6977
        },
        "names": {
          "n": 15,
          "top1_em": 0.8666666666666667,
          "top3_em": 0.9333333333333333,
          "p50_ms": 27.0126,
          "p95_ms": 49.0238
        },
        "homophone": {
          "n": 16,
          "top1_em": 0.25,
          "top3_em": 0.375,
          "p50_ms": 27.0606,
          "p95_ms": 58.155
        },
        "edge": {
          "n": 15,
          "top1_em": 0.5333333333333333,
          "top3_em": 0.6666666666666666,
          "p50_ms": 24.2788,
          "p95_ms": 53.9304
        }
      },
      "macro_top1_em": 0.530952380952381,
      "macro_top3_em": 0.5988095238095238
    },
    {
      "alpha": 0.4,
      "beta": 0.0,
      "overall": {
        "n": 116,
        "top1_em": 0.5517241379310345,
        "top3_em": 0.6206896551724138,
        "p50_ms": 32.5322,
        "p95_ms": 62.6322
      },
      "per_category": {
        "general": {
          "n": 20,
          "top1_em": 0.75,
          "top3_em": 0.8,
          "p50_ms": 31.0643,
          "p95_ms": 59.571
        },
        "tech": {
          "n": 20,
          "top1_em": 0.3,
          "top3_em": 0.35,
          "p50_ms": 34.0635,
          "p95_ms": 62.6564
        },
        "medical": {
          "n": 15,
          "top1_em": 0.4666666666666667,
          "top3_em": 0.5333333333333333,
          "p50_ms": 31.2852,
          "p95_ms": 63.8569
        },
        "legal": {
          "n": 15,
          "top1_em": 0.6,
          "top3_em": 0.6,
          "p50_ms": 32.1555,
          "p95_ms": 62.265
        },
        "names": {
          "n": 15,
          "top1_em": 0.8666666666666667,
          "top3_em": 1.0,
          "p50_ms": 27.5895,
          "p95_ms": 49.224
        },
        "homophone": {
          "n": 16,
          "top1_em": 0.3125,
          "top3_em": 0.375,
          "p50_ms": 36.3858,
          "p95_ms": 67.6826
        },
        "edge": {
          "n": 15,
          "top1_em": 0.6,
          "top3_em": 0.7333333333333333,
          "p50_ms": 36.1641,
          "p95_ms": 79.5394
        }
      },
      "macro_top1_em": 0.5565476190476191,
      "macro_top3_em": 0.6273809523809524
    },
    {
      "alpha": 0.4,
      "beta": 0.3,
      "overall": {
        "n": 116,
        "top1_em": 0.5517241379310345,
        "top3_em": 0.6120689655172413,
        "p50_ms": 38.9179,
        "p95_ms": 75.0405
      },
      "per_category": {
        "general": {
          "n": 20,
          "top1_em": 0.75,
          "top3_em": 0.8,
          "p50_ms": 39.6054,
          "p95_ms": 74.9338
        },
        "tech": {
          "n": 20,
          "top1_em": 0.3,
          "top3_em": 0.35,
          "p50_ms": 42.433,
          "p95_ms": 76.3355
        },
        "medical": {
          "n": 15,
          "top1_em": 0.5333333333333333,
          "top3_em": 0.5333333333333333,
          "p50_ms": 39.7301,
          "p95_ms": 76.9057
        },
        "legal": {
          "n": 15,
          "top1_em": 0.6,
          "top3_em": 0.6,
          "p50_ms": 38.9179,
          "p95_ms": 79.1112
        },
        "names": {
          "n": 15,
          "top1_em": 0.8666666666666667,
          "top3_em": 0.9333333333333333,
          "p50_ms": 30.4704,
          "p95_ms": 58.8684
        },
        "homophone": {
          "n": 16,
          "top1_em": 0.3125,
          "top3_em": 0.375,
          "p50_ms": 38.4377,
          "p95_ms": 75.0405
        },
        "edge": {
          "n": 15,
          "top1_em": 0.5333333333333333,
          "top3_em": 0.7333333333333333,
          "p50_ms": 36.156,
          "p95_ms": 79.9908
        }
      },
      "macro_top1_em": 0.5565476190476191,
      "macro_top3_em": 0.6178571428571429
    },
    {
      "alpha": 0.4,
      "beta": 0.6,
      "overall": {
        "n": 116,
        "top1_em": 0.5517241379310345,
        "top3_em": 0.6120689655172413,
        "p50_ms": 37.297,
        "p95_ms": 73.9187
      },